{"0.0": 2036.0802509836078, "1.0": 2091.0468235691137, "2.0": 1899.6660660868945, "3.0": 2171.779535157166, "4.0": 1978.7376674510738, "5.0": 2022.1335056959442}