{"0": 2036.0802509836078, "1": 2091.0468235691137, "2": 1899.6660660868945, "3": 2171.779535157166, "4": 1978.7376674510738, "5": 2022.1335056959442}